{"cameraMode":{"drawMode":0,"name":"Shaded","section":"Shading Mode"},"sceneLighting":true,"audioPlay":false,"sceneViewState":{"showFog":true,"showMaterialUpdate":false,"showSkybox":true,"showFlares":true,"showImageEffects":true,"showParticleSystems":true},"in2DMode":false,"pivot":{"x":-2.1134676933288576,"y":0.5785045623779297,"z":7.6397504806518559},"rotation":{"x":0.06037931144237518,"y":0.9270580410957336,"z":-0.17043077945709229,"w":0.328441321849823},"size":6.967201232910156,"orthographic":false}