{"cameraMode":{"drawMode":0,"name":"Shaded","section":"Shading Mode"},"sceneLighting":true,"audioPlay":false,"sceneViewState":{"showFog":true,"showMaterialUpdate":false,"showSkybox":true,"showFlares":true,"showImageEffects":true,"showParticleSystems":true},"in2DMode":false,"pivot":{"x":0.21512511372566224,"y":3.363149404525757,"z":-0.7129314541816711},"rotation":{"x":0.03361283615231514,"y":0.9661007523536682,"z":-0.16862590610980988,"w":0.19261835515499116},"size":5.46964168548584,"orthographic":false}