{"cameraMode":{"drawMode":0,"name":"Shaded","section":"Shading Mode"},"sceneLighting":true,"audioPlay":false,"sceneViewState":{"showFog":true,"showMaterialUpdate":false,"showSkybox":true,"showFlares":true,"showImageEffects":true,"showParticleSystems":true},"in2DMode":false,"pivot":{"x":-1.253642201423645,"y":-0.42598438262939455,"z":-0.09318256378173828},"rotation":{"x":-0.01148183736950159,"y":0.9797453284263611,"z":-0.19107724726200105,"w":-0.05886967480182648},"size":15.231746673583985,"orthographic":false}